{"stat.flyOneCm":10467,"stat.walkOneCm":1667,"stat.jump":16,"stat.playOneMinute":1344,"stat.craftItem.morefuelsmod-1.10.2.pelletBlock":1,"stat.pickup.minecraft.fish":3,"achievement.openInventory":2,"stat.killEntity.PolarBear":1,"stat.killEntity.Chicken":1,"stat.leaveGame":1,"stat.sneakTime":106,"stat.pickup.minecraft.feather":2,"stat.damageDealt":336,"stat.crouchOneCm":494,"stat.pickup.minecraft.chicken":1,"stat.craftItem.morefuelsmod-1.10.2.concentratedPelletBlock":1,"stat.timeSinceDeath":1344,"stat.sprintOneCm":59,"stat.mobKills":2,"achievement.exploreAllBiomes":{"value":0,"progress":["Plains"]},"stat.useItem.minecraft.diamond_sword":16}